{"polyfill":["/polyfill-5f2ff49c4532c1e69845.js"],"app":["/app-4aaec39ca3613f7a0e78.js"],"component---src-pages-404-js":["/component---src-pages-404-js-a4f870c159008a841d62.js"],"component---src-pages-about-js":["/component---src-pages-about-js-984876b0654a67bfae67.js"],"component---src-pages-causes-detail-js":["/component---src-pages-causes-detail-js-dc850eaa2c5cd2f98101.js"],"component---src-pages-causes-js":["/component---src-pages-causes-js-81a32ab0bba582da4b83.js"],"component---src-pages-contact-js":["/component---src-pages-contact-js-dc59c601456262fe8ab4.js"],"component---src-pages-donate-js":["/component---src-pages-donate-js-6072739596a4d3da1380.js"],"component---src-pages-events-detail-js":["/component---src-pages-events-detail-js-783773980f007e1e06b9.js"],"component---src-pages-events-js":["/component---src-pages-events-js-6fab482163ed2c8c951d.js"],"component---src-pages-gallery-js":["/component---src-pages-gallery-js-a67fd4c5713aa6d3f6b5.js"],"component---src-pages-index-2-js":["/component---src-pages-index-2-js-a3e9e1f609360af9d56b.js"],"component---src-pages-index-js":["/component---src-pages-index-js-bdbfbd8f3d6bb3f6c6af.js"],"component---src-pages-news-js":["/component---src-pages-news-js-1cd28014933312bd34d9.js"],"component---src-pages-single-news-js":["/component---src-pages-single-news-js-5eefcf27090aa9f896a2.js"],"component---src-pages-sponsor-js":["/component---src-pages-sponsor-js-811c558478ab38d14475.js"],"component---src-pages-team-js":["/component---src-pages-team-js-12a98d5d181a66ebc7ef.js"],"component---src-pages-volunteer-js":["/component---src-pages-volunteer-js-111e713fd99391b2ab82.js"]}