{"errors":[],"warnings":[],"namedChunkGroups":{"polyfill":{"chunks":[7,26],"assets":["webpack-runtime-3009327144cc5370ae92.js","webpack-runtime-3009327144cc5370ae92.js.map","polyfill-5f2ff49c4532c1e69845.js","polyfill-5f2ff49c4532c1e69845.js.map"],"children":{},"childAssets":{}},"app":{"chunks":[7,25,8],"assets":["webpack-runtime-3009327144cc5370ae92.js","webpack-runtime-3009327144cc5370ae92.js.map","framework-cb14354c9c3d1d3de356.js","framework-cb14354c9c3d1d3de356.js.map","app-4aaec39ca3613f7a0e78.js","app-4aaec39ca3613f7a0e78.js.map"],"children":{},"childAssets":{}},"component---src-pages-404-js":{"chunks":[9],"assets":["component---src-pages-404-js-a4f870c159008a841d62.js","component---src-pages-404-js-a4f870c159008a841d62.js.map"],"children":{},"childAssets":{}},"component---src-pages-about-js":{"chunks":[1,2,0,4,3,10],"assets":["styles.38c9359ffb4d24d874eb.css","styles-e9d24b1846c7d6eb9685.js","styles-e9d24b1846c7d6eb9685.js.map","a4c92b5b-7a481c38b90dbae07dfb.js","a4c92b5b-7a481c38b90dbae07dfb.js.map","d9e5512b7e01bad289cdca06c7c865f8549b048d-9c375432bbe29d4bb2bd.js","d9e5512b7e01bad289cdca06c7c865f8549b048d-9c375432bbe29d4bb2bd.js.map","ecdfb03a69fe4f814ab4968b155890cc1be74736-d387f9fb6718eaddc6f1.js","ecdfb03a69fe4f814ab4968b155890cc1be74736-d387f9fb6718eaddc6f1.js.map","cb0f1539d5ca9fc745c162c836b999b1072a7d45-9eab385920d580674326.js","cb0f1539d5ca9fc745c162c836b999b1072a7d45-9eab385920d580674326.js.map","component---src-pages-about-js-984876b0654a67bfae67.js","component---src-pages-about-js-984876b0654a67bfae67.js.map"],"children":{},"childAssets":{}},"component---src-pages-causes-detail-js":{"chunks":[1,0,11],"assets":["styles.38c9359ffb4d24d874eb.css","styles-e9d24b1846c7d6eb9685.js","styles-e9d24b1846c7d6eb9685.js.map","d9e5512b7e01bad289cdca06c7c865f8549b048d-9c375432bbe29d4bb2bd.js","d9e5512b7e01bad289cdca06c7c865f8549b048d-9c375432bbe29d4bb2bd.js.map","component---src-pages-causes-detail-js-dc850eaa2c5cd2f98101.js","component---src-pages-causes-detail-js-dc850eaa2c5cd2f98101.js.map"],"children":{},"childAssets":{}},"component---src-pages-causes-js":{"chunks":[1,0,12],"assets":["styles.38c9359ffb4d24d874eb.css","styles-e9d24b1846c7d6eb9685.js","styles-e9d24b1846c7d6eb9685.js.map","d9e5512b7e01bad289cdca06c7c865f8549b048d-9c375432bbe29d4bb2bd.js","d9e5512b7e01bad289cdca06c7c865f8549b048d-9c375432bbe29d4bb2bd.js.map","component---src-pages-causes-js-81a32ab0bba582da4b83.js","component---src-pages-causes-js-81a32ab0bba582da4b83.js.map"],"children":{},"childAssets":{}},"component---src-pages-contact-js":{"chunks":[1,0,13],"assets":["styles.38c9359ffb4d24d874eb.css","styles-e9d24b1846c7d6eb9685.js","styles-e9d24b1846c7d6eb9685.js.map","d9e5512b7e01bad289cdca06c7c865f8549b048d-9c375432bbe29d4bb2bd.js","d9e5512b7e01bad289cdca06c7c865f8549b048d-9c375432bbe29d4bb2bd.js.map","component---src-pages-contact-js-dc59c601456262fe8ab4.js","component---src-pages-contact-js-dc59c601456262fe8ab4.js.map"],"children":{},"childAssets":{}},"component---src-pages-donate-js":{"chunks":[1,0,14],"assets":["styles.38c9359ffb4d24d874eb.css","styles-e9d24b1846c7d6eb9685.js","styles-e9d24b1846c7d6eb9685.js.map","d9e5512b7e01bad289cdca06c7c865f8549b048d-9c375432bbe29d4bb2bd.js","d9e5512b7e01bad289cdca06c7c865f8549b048d-9c375432bbe29d4bb2bd.js.map","component---src-pages-donate-js-6072739596a4d3da1380.js","component---src-pages-donate-js-6072739596a4d3da1380.js.map"],"children":{},"childAssets":{}},"component---src-pages-events-detail-js":{"chunks":[1,0,15],"assets":["styles.38c9359ffb4d24d874eb.css","styles-e9d24b1846c7d6eb9685.js","styles-e9d24b1846c7d6eb9685.js.map","d9e5512b7e01bad289cdca06c7c865f8549b048d-9c375432bbe29d4bb2bd.js","d9e5512b7e01bad289cdca06c7c865f8549b048d-9c375432bbe29d4bb2bd.js.map","component---src-pages-events-detail-js-783773980f007e1e06b9.js","component---src-pages-events-detail-js-783773980f007e1e06b9.js.map"],"children":{},"childAssets":{}},"component---src-pages-events-js":{"chunks":[1,0,5,16],"assets":["styles.38c9359ffb4d24d874eb.css","styles-e9d24b1846c7d6eb9685.js","styles-e9d24b1846c7d6eb9685.js.map","d9e5512b7e01bad289cdca06c7c865f8549b048d-9c375432bbe29d4bb2bd.js","d9e5512b7e01bad289cdca06c7c865f8549b048d-9c375432bbe29d4bb2bd.js.map","8c0b0e36966fed287b562a3744e18b99a6e0f096-37ba6b15b062e8780e00.js","8c0b0e36966fed287b562a3744e18b99a6e0f096-37ba6b15b062e8780e00.js.map","component---src-pages-events-js-6fab482163ed2c8c951d.js","component---src-pages-events-js-6fab482163ed2c8c951d.js.map"],"children":{},"childAssets":{}},"component---src-pages-gallery-js":{"chunks":[1,0,17],"assets":["styles.38c9359ffb4d24d874eb.css","styles-e9d24b1846c7d6eb9685.js","styles-e9d24b1846c7d6eb9685.js.map","d9e5512b7e01bad289cdca06c7c865f8549b048d-9c375432bbe29d4bb2bd.js","d9e5512b7e01bad289cdca06c7c865f8549b048d-9c375432bbe29d4bb2bd.js.map","component---src-pages-gallery-js-a67fd4c5713aa6d3f6b5.js","component---src-pages-gallery-js-a67fd4c5713aa6d3f6b5.js.map"],"children":{},"childAssets":{}},"component---src-pages-index-2-js":{"chunks":[1,2,0,4,6,5,18],"assets":["styles.38c9359ffb4d24d874eb.css","styles-e9d24b1846c7d6eb9685.js","styles-e9d24b1846c7d6eb9685.js.map","a4c92b5b-7a481c38b90dbae07dfb.js","a4c92b5b-7a481c38b90dbae07dfb.js.map","d9e5512b7e01bad289cdca06c7c865f8549b048d-9c375432bbe29d4bb2bd.js","d9e5512b7e01bad289cdca06c7c865f8549b048d-9c375432bbe29d4bb2bd.js.map","ecdfb03a69fe4f814ab4968b155890cc1be74736-d387f9fb6718eaddc6f1.js","ecdfb03a69fe4f814ab4968b155890cc1be74736-d387f9fb6718eaddc6f1.js.map","af4000f3fe1cfbe71df4b32de1ebbaf80ef1d2a0-6c3712e7fe9d17572d1b.js","af4000f3fe1cfbe71df4b32de1ebbaf80ef1d2a0-6c3712e7fe9d17572d1b.js.map","8c0b0e36966fed287b562a3744e18b99a6e0f096-37ba6b15b062e8780e00.js","8c0b0e36966fed287b562a3744e18b99a6e0f096-37ba6b15b062e8780e00.js.map","component---src-pages-index-2-js-a3e9e1f609360af9d56b.js","component---src-pages-index-2-js-a3e9e1f609360af9d56b.js.map"],"children":{},"childAssets":{}},"component---src-pages-index-js":{"chunks":[1,2,0,4,3,6,19],"assets":["styles.38c9359ffb4d24d874eb.css","styles-e9d24b1846c7d6eb9685.js","styles-e9d24b1846c7d6eb9685.js.map","a4c92b5b-7a481c38b90dbae07dfb.js","a4c92b5b-7a481c38b90dbae07dfb.js.map","d9e5512b7e01bad289cdca06c7c865f8549b048d-9c375432bbe29d4bb2bd.js","d9e5512b7e01bad289cdca06c7c865f8549b048d-9c375432bbe29d4bb2bd.js.map","ecdfb03a69fe4f814ab4968b155890cc1be74736-d387f9fb6718eaddc6f1.js","ecdfb03a69fe4f814ab4968b155890cc1be74736-d387f9fb6718eaddc6f1.js.map","cb0f1539d5ca9fc745c162c836b999b1072a7d45-9eab385920d580674326.js","cb0f1539d5ca9fc745c162c836b999b1072a7d45-9eab385920d580674326.js.map","af4000f3fe1cfbe71df4b32de1ebbaf80ef1d2a0-6c3712e7fe9d17572d1b.js","af4000f3fe1cfbe71df4b32de1ebbaf80ef1d2a0-6c3712e7fe9d17572d1b.js.map","component---src-pages-index-js-bdbfbd8f3d6bb3f6c6af.js","component---src-pages-index-js-bdbfbd8f3d6bb3f6c6af.js.map"],"children":{},"childAssets":{}},"component---src-pages-news-js":{"chunks":[1,0,20],"assets":["styles.38c9359ffb4d24d874eb.css","styles-e9d24b1846c7d6eb9685.js","styles-e9d24b1846c7d6eb9685.js.map","d9e5512b7e01bad289cdca06c7c865f8549b048d-9c375432bbe29d4bb2bd.js","d9e5512b7e01bad289cdca06c7c865f8549b048d-9c375432bbe29d4bb2bd.js.map","component---src-pages-news-js-1cd28014933312bd34d9.js","component---src-pages-news-js-1cd28014933312bd34d9.js.map"],"children":{},"childAssets":{}},"component---src-pages-single-news-js":{"chunks":[1,0,21],"assets":["styles.38c9359ffb4d24d874eb.css","styles-e9d24b1846c7d6eb9685.js","styles-e9d24b1846c7d6eb9685.js.map","d9e5512b7e01bad289cdca06c7c865f8549b048d-9c375432bbe29d4bb2bd.js","d9e5512b7e01bad289cdca06c7c865f8549b048d-9c375432bbe29d4bb2bd.js.map","component---src-pages-single-news-js-5eefcf27090aa9f896a2.js","component---src-pages-single-news-js-5eefcf27090aa9f896a2.js.map"],"children":{},"childAssets":{}},"component---src-pages-sponsor-js":{"chunks":[1,0,22],"assets":["styles.38c9359ffb4d24d874eb.css","styles-e9d24b1846c7d6eb9685.js","styles-e9d24b1846c7d6eb9685.js.map","d9e5512b7e01bad289cdca06c7c865f8549b048d-9c375432bbe29d4bb2bd.js","d9e5512b7e01bad289cdca06c7c865f8549b048d-9c375432bbe29d4bb2bd.js.map","component---src-pages-sponsor-js-811c558478ab38d14475.js","component---src-pages-sponsor-js-811c558478ab38d14475.js.map"],"children":{},"childAssets":{}},"component---src-pages-team-js":{"chunks":[1,0,3,23],"assets":["styles.38c9359ffb4d24d874eb.css","styles-e9d24b1846c7d6eb9685.js","styles-e9d24b1846c7d6eb9685.js.map","d9e5512b7e01bad289cdca06c7c865f8549b048d-9c375432bbe29d4bb2bd.js","d9e5512b7e01bad289cdca06c7c865f8549b048d-9c375432bbe29d4bb2bd.js.map","cb0f1539d5ca9fc745c162c836b999b1072a7d45-9eab385920d580674326.js","cb0f1539d5ca9fc745c162c836b999b1072a7d45-9eab385920d580674326.js.map","component---src-pages-team-js-12a98d5d181a66ebc7ef.js","component---src-pages-team-js-12a98d5d181a66ebc7ef.js.map"],"children":{},"childAssets":{}},"component---src-pages-volunteer-js":{"chunks":[1,0,24],"assets":["styles.38c9359ffb4d24d874eb.css","styles-e9d24b1846c7d6eb9685.js","styles-e9d24b1846c7d6eb9685.js.map","d9e5512b7e01bad289cdca06c7c865f8549b048d-9c375432bbe29d4bb2bd.js","d9e5512b7e01bad289cdca06c7c865f8549b048d-9c375432bbe29d4bb2bd.js.map","component---src-pages-volunteer-js-111e713fd99391b2ab82.js","component---src-pages-volunteer-js-111e713fd99391b2ab82.js.map"],"children":{},"childAssets":{}}},"assetsByChunkName":{"polyfill":["webpack-runtime-3009327144cc5370ae92.js","polyfill-5f2ff49c4532c1e69845.js"],"app":["webpack-runtime-3009327144cc5370ae92.js","framework-cb14354c9c3d1d3de356.js","app-4aaec39ca3613f7a0e78.js"],"component---src-pages-404-js":["component---src-pages-404-js-a4f870c159008a841d62.js"],"component---src-pages-about-js":["styles.38c9359ffb4d24d874eb.css","styles-e9d24b1846c7d6eb9685.js","a4c92b5b-7a481c38b90dbae07dfb.js","d9e5512b7e01bad289cdca06c7c865f8549b048d-9c375432bbe29d4bb2bd.js","ecdfb03a69fe4f814ab4968b155890cc1be74736-d387f9fb6718eaddc6f1.js","cb0f1539d5ca9fc745c162c836b999b1072a7d45-9eab385920d580674326.js","component---src-pages-about-js-984876b0654a67bfae67.js"],"component---src-pages-causes-detail-js":["styles.38c9359ffb4d24d874eb.css","styles-e9d24b1846c7d6eb9685.js","d9e5512b7e01bad289cdca06c7c865f8549b048d-9c375432bbe29d4bb2bd.js","component---src-pages-causes-detail-js-dc850eaa2c5cd2f98101.js"],"component---src-pages-causes-js":["styles.38c9359ffb4d24d874eb.css","styles-e9d24b1846c7d6eb9685.js","d9e5512b7e01bad289cdca06c7c865f8549b048d-9c375432bbe29d4bb2bd.js","component---src-pages-causes-js-81a32ab0bba582da4b83.js"],"component---src-pages-contact-js":["styles.38c9359ffb4d24d874eb.css","styles-e9d24b1846c7d6eb9685.js","d9e5512b7e01bad289cdca06c7c865f8549b048d-9c375432bbe29d4bb2bd.js","component---src-pages-contact-js-dc59c601456262fe8ab4.js"],"component---src-pages-donate-js":["styles.38c9359ffb4d24d874eb.css","styles-e9d24b1846c7d6eb9685.js","d9e5512b7e01bad289cdca06c7c865f8549b048d-9c375432bbe29d4bb2bd.js","component---src-pages-donate-js-6072739596a4d3da1380.js"],"component---src-pages-events-detail-js":["styles.38c9359ffb4d24d874eb.css","styles-e9d24b1846c7d6eb9685.js","d9e5512b7e01bad289cdca06c7c865f8549b048d-9c375432bbe29d4bb2bd.js","component---src-pages-events-detail-js-783773980f007e1e06b9.js"],"component---src-pages-events-js":["styles.38c9359ffb4d24d874eb.css","styles-e9d24b1846c7d6eb9685.js","d9e5512b7e01bad289cdca06c7c865f8549b048d-9c375432bbe29d4bb2bd.js","8c0b0e36966fed287b562a3744e18b99a6e0f096-37ba6b15b062e8780e00.js","component---src-pages-events-js-6fab482163ed2c8c951d.js"],"component---src-pages-gallery-js":["styles.38c9359ffb4d24d874eb.css","styles-e9d24b1846c7d6eb9685.js","d9e5512b7e01bad289cdca06c7c865f8549b048d-9c375432bbe29d4bb2bd.js","component---src-pages-gallery-js-a67fd4c5713aa6d3f6b5.js"],"component---src-pages-index-2-js":["styles.38c9359ffb4d24d874eb.css","styles-e9d24b1846c7d6eb9685.js","a4c92b5b-7a481c38b90dbae07dfb.js","d9e5512b7e01bad289cdca06c7c865f8549b048d-9c375432bbe29d4bb2bd.js","ecdfb03a69fe4f814ab4968b155890cc1be74736-d387f9fb6718eaddc6f1.js","af4000f3fe1cfbe71df4b32de1ebbaf80ef1d2a0-6c3712e7fe9d17572d1b.js","8c0b0e36966fed287b562a3744e18b99a6e0f096-37ba6b15b062e8780e00.js","component---src-pages-index-2-js-a3e9e1f609360af9d56b.js"],"component---src-pages-index-js":["styles.38c9359ffb4d24d874eb.css","styles-e9d24b1846c7d6eb9685.js","a4c92b5b-7a481c38b90dbae07dfb.js","d9e5512b7e01bad289cdca06c7c865f8549b048d-9c375432bbe29d4bb2bd.js","ecdfb03a69fe4f814ab4968b155890cc1be74736-d387f9fb6718eaddc6f1.js","cb0f1539d5ca9fc745c162c836b999b1072a7d45-9eab385920d580674326.js","af4000f3fe1cfbe71df4b32de1ebbaf80ef1d2a0-6c3712e7fe9d17572d1b.js","component---src-pages-index-js-bdbfbd8f3d6bb3f6c6af.js"],"component---src-pages-news-js":["styles.38c9359ffb4d24d874eb.css","styles-e9d24b1846c7d6eb9685.js","d9e5512b7e01bad289cdca06c7c865f8549b048d-9c375432bbe29d4bb2bd.js","component---src-pages-news-js-1cd28014933312bd34d9.js"],"component---src-pages-single-news-js":["styles.38c9359ffb4d24d874eb.css","styles-e9d24b1846c7d6eb9685.js","d9e5512b7e01bad289cdca06c7c865f8549b048d-9c375432bbe29d4bb2bd.js","component---src-pages-single-news-js-5eefcf27090aa9f896a2.js"],"component---src-pages-sponsor-js":["styles.38c9359ffb4d24d874eb.css","styles-e9d24b1846c7d6eb9685.js","d9e5512b7e01bad289cdca06c7c865f8549b048d-9c375432bbe29d4bb2bd.js","component---src-pages-sponsor-js-811c558478ab38d14475.js"],"component---src-pages-team-js":["styles.38c9359ffb4d24d874eb.css","styles-e9d24b1846c7d6eb9685.js","d9e5512b7e01bad289cdca06c7c865f8549b048d-9c375432bbe29d4bb2bd.js","cb0f1539d5ca9fc745c162c836b999b1072a7d45-9eab385920d580674326.js","component---src-pages-team-js-12a98d5d181a66ebc7ef.js"],"component---src-pages-volunteer-js":["styles.38c9359ffb4d24d874eb.css","styles-e9d24b1846c7d6eb9685.js","d9e5512b7e01bad289cdca06c7c865f8549b048d-9c375432bbe29d4bb2bd.js","component---src-pages-volunteer-js-111e713fd99391b2ab82.js"]}}